{
  "average_frame_build_time_millis": 2.6676826923076926, # 平均每帧 build 时间
  "90th_percentile_frame_build_time_millis": 4.364,
  "99th_percentile_frame_build_time_millis": 11.136,
  "worst_frame_build_time_millis": 14.208, # 最长帧 build 时间
  "missed_frame_build_budget_count": 0, # build 期丢帧数
  "average_frame_rasterizer_time_millis": 5.355153846153844, # 平均每帧光栅化时间
  "90th_percentile_frame_rasterizer_time_millis": 8.053,
  "99th_percentile_frame_rasterizer_time_millis": 15.232,
  "worst_frame_rasterizer_time_millis": 16.858,
  "missed_frame_rasterizer_budget_count": 1,
  "frame_count": 104,
  "frame_rasterizer_count": 104,
  "frame_build_times": [ # 所有帧的 build 时间
    14208,
    11008,
    7850,
    3441,
    1799,
    3413,
    3523,
    1420,
    11136,
    3018,
    3031,
    1335,
    5172,
    2985,
    2192,
    5450,
    3862,
    4054,
    1607,
    2275,
    1391,
    5365,
    2944,
    1121,
    8547,
    5086,
    2279,
    1403,
    1321,
    2644,
    1796,
    1138,
    1772,
    2516,
    1620,
    1452,
    2335,
    2663,
    4667,
    4364,
    1173,
    2311,
    2157,
    1097,
    2092,
    1563,
    2496,
    865,
    1227,
    753,
    2191,
    2396,
    1515,
    2724,
    1237,
    602,
    1477,
    967,
    588,
    1693,
    815,
    877,
    2693,
    726,
    2245,
    606,
    1486,
    2629,
    674,
    2071,
    1054,
    4166,
    1667,
    2319,
    3577,
    1671,
    3729,
    3208,
    1586,
    1098,
    1762,
    3329,
    3706,
    1761,
    2750,
    3136,
    4207,
    2736,
    1807,
    1570,
    1929,
    1387,
    3322,
    1545,
    2297,
    2244,
    1949,
    1661,
    2602,
    1930,
    2079,
    2498,
    3834,
    2174
  ],
  "frame_rasterizer_times": [
    7579,
    8343,
    5411,
    4645,
    4562,
    7554,
    5726,
    4688,
    7784,
    8144,
    8047,
    5301,
    8659,
    9004,
    7888,
    15232,
    7958,
    4459,
    7795,
    16858,
    5548,
    3056,
    3559,
    3445,
    7470,
    3930,
    4189,
    4983,
    3583,
    4550,
    3592,
    5623,
    5640,
    2809,
    5759,
    8823,
    6170,
    6187,
    9582,
    8053,
    6545,
    6697,
    6125,
    4057,
    3490,
    5705,
    4440,
    5499,
    4953,
    6684,
    4539,
    4361,
    4087,
    3299,
    4809,
    2941,
    3168,
    3172,
    4255,
    3296,
    3159,
    3461,
    4754,
    4058,
    8599,
    2931,
    3475,
    3380,
    3651,
    4122,
    3299,
    4230,
    3634,
    3587,
    2906,
    3311,
    3302,
    3122,
    4256,
    6319,
    4561,
    3090,
    3114,
    5711,
    3437,
    2887,
    3290,
    3400,
    4165,
    3622,
    5961,
    3556,
    4032,
    4140,
    7293,
    6821,
    6354,
    6410,
    6800,
    5419,
    6175,
    6362,
    9016,
    7454
  ],
  "frame_begin_times": [
    0,
    35817,
    66323,
    82432,
    100791,
    134060,
    165628,
    184913,
    754104,
    785887,
    802557,
    832945,
    849580,
    869100,
    885941,
    903057,
    917598,
    949477,
    982960,
    1000147,
    1016392,
    1031929,
    1051096,
    1065533,
    1636668,
    1668090,
    1681927,
    1699646,
    1716561,
    1749316,
    1781712,
    1799666,
    1819000,
    1832994,
    1851181,
    1868159,
    1883343,
    1916970,
    1951072,
    2536737,
    2571915,
    2583761,
    2602224,
    2614991,
    2648514,
    2683396,
    2700722,
    2718656,
    2735675,
    2748583,
    2766269,
    2783626,
    2798447,
    2832321,
    3385099,
    3398062,
    3415894,
    3432523,
    3449795,
    3464405,
    3480907,
    3513959,
    3534175,
    3547873,
    3564465,
    3582059,
    3600460,
    3615120,
    3633873,
    3650578,
    3681808,
    4231706,
    4251241,
    4266885,
    4283824,
    4298929,
    4316407,
    4349158,
    4411309,
    4432361,
    4465031,
    4482474,
    4499421,
    4515543,
    4533015,
    4549114,
    4565400,
    4583149,
    5135373,
    5152191,
    5166928,
    5181727,
    5202207,
    5218621,
    5251626,
    5283001,
    5300037,
    5315911,
    5333340,
    5350071,
    5367142,
    5399810,
    5435903,
    5451336
  ],
  "frame_rasterizer_begin_times": [ # 所有帧的光栅化时间
    0,
    32173,
    62486,
    80213,
    96905,
    131638,
    164038,
    180803,
    755064,
    782932,
    799611,
    828928,
    849032,
    866076,
    882630,
    903123,
    918508,
    948034,
    978825,
    996456,
    1013430,
    1028902,
    1046633,
    1060968,
    1639418,
    1663945,
    1676997,
    1695398,
    1712184,
    1745201,
    1776654,
    1794737,
    1814990,
    1828848,
    1846996,
    1863935,
    1880003,
    1912625,
    1950017,
    2534800,
    2567907,
    2580644,
    2598729,
    2610559,
    2645372,
    2680905,
    2698220,
    2713970,
    2731414,
    2743920,
    2762780,
    2778882,
    2793886,
    2828250,
    3380830,
    3393193,
    3411734,
    3427976,
    3444932,
    3460460,
    3476206,
    3509089,
    3531260,
    3544064,
    3560850,
    3577014,
    3596316,
    3610350,
    3629082,
    3648044,
    3677108,
    4229054,
    4246155,
    4262186,
    4278759,
    4295130,
    4311727,
    4344117,
    4407240,
    4427688,
    4461309,
    4477418,
    4494694,
    4510453,
    4528994,
    4544157,
    4560509,
    4579088,
    5130875,
    5147593,
    5162004,
    5176811,
    5197884,
    5214001,
    5248238,
    5279334,
    5296264,
    5311865,
    5329978,
    5345963,
    5363026,
    5396361,
    5432379,
    5447762
  ],
  "average_vsync_transitions_missed": 1.0,
  "90th_percentile_vsync_transitions_missed": 1.0,
  "99th_percentile_vsync_transitions_missed": 1.0
}